age,income,loan_amount,num_of_credit_lines,debt_to_income_ratio,payment_history_score,loan_default
59,24018,16536,4,0.79,616,0
49,31302,33541,8,0.33,680,0
35,87506,18547,9,0.86,444,0
63,61157,39531,4,0.57,626,0
28,74917,13712,5,0.45,662,1
41,112738,43565,8,0.56,349,0
59,116646,14208,6,0.51,364,0
39,103122,10109,7,0.71,654,0
43,44519,40201,3,0.33,463,0
31,116809,21967,7,0.38,440,0
31,107487,34759,8,0.82,427,0
44,76819,25172,6,0.86,697,0
56,100910,41935,9,0.81,762,0
60,140430,31589,6,0.44,486,0
44,91324,35015,9,0.72,489,0
23,25408,34009,4,0.48,687,0
42,79379,22773,8,0.5,728,0
22,45053,46125,4,0.26,583,0
44,29446,31143,2,0.57,536,0
64,20922,11154,9,0.25,493,0
50,118723,26804,5,0.37,586,0
58,71356,46688,4,0.78,435,0
22,30789,25581,2,0.27,470,0
41,117720,35087,1,0.16,458,0
53,86656,37981,7,0.16,500,0
32,64028,8762,6,0.85,786,0
42,84484,14768,2,0.51,803,0
64,52154,48408,8,0.43,670,1
45,102870,44499,4,0.75,402,0
47,22336,43559,8,0.77,424,0
62,123677,13783,7,0.37,612,1
48,87779,34781,5,0.65,757,0
36,39029,35811,8,0.72,529,0
35,79201,40488,9,0.62,496,0
64,52265,13905,5,0.22,722,1
23,122916,14127,5,0.8,470,0
57,132250,27431,2,0.53,681,0
27,136553,11368,5,0.33,472,0
41,63872,32424,3,0.44,752,1
29,66197,23333,7,0.13,649,1
59,145733,28116,5,0.2,793,1
38,75180,48201,8,0.71,303,0
24,43710,20525,1,0.1,392,0
45,49486,28398,3,0.43,305,0
34,91907,37857,3,0.52,587,0
29,148876,15361,9,0.14,445,0
46,91895,21369,5,0.88,723,0
22,84435,8041,9,0.28,756,1
40,60631,5105,9,0.34,501,0
48,149038,14078,1,0.34,511,0
27,121532,30003,2,0.28,305,0
64,40103,11090,5,0.1,675,1
28,84772,43850,4,0.68,746,0
55,146108,6925,9,0.87,405,0
34,34382,23440,7,0.28,700,0
37,104291,44685,6,0.63,395,0
56,121195,31015,7,0.69,687,0
60,23756,38320,1,0.78,751,0
24,40609,30291,1,0.44,715,1
22,134074,41679,8,0.34,803,1
26,36478,31289,2,0.36,753,0
62,120978,8389,9,0.67,590,0
24,59666,30683,7,0.75,833,0
49,95683,18629,6,0.25,492,0
38,119097,29826,1,0.4,449,0
46,144714,40198,1,0.82,814,0
64,120420,31630,2,0.75,692,0
54,91315,38226,6,0.89,615,0
30,97834,37975,6,0.7,375,0
56,146205,5899,2,0.41,569,0
34,34153,16653,1,0.57,524,0
51,129415,32961,5,0.63,829,0
35,96325,21405,5,0.16,412,0
28,129701,13601,2,0.54,550,0
34,32999,38662,6,0.67,532,0
43,75318,38282,9,0.23,382,0
60,20814,26288,2,0.72,424,0
41,135033,34545,2,0.57,474,0
36,96077,41877,3,0.86,368,0
38,110474,20313,7,0.13,346,0
44,22443,20349,6,0.31,555,0
46,95993,12179,8,0.58,329,0
45,95916,15326,8,0.34,580,0
61,93319,49555,6,0.67,536,0
49,145885,6560,3,0.71,547,0
35,129777,18612,3,0.18,667,1
21,37368,22650,1,0.51,794,0
45,35328,31745,7,0.51,324,0
27,76942,36890,5,0.4,789,1
29,111751,25022,4,0.85,793,0
44,119131,9780,4,0.76,613,0
21,47306,23311,4,0.66,674,0
64,105451,33380,6,0.67,324,0
28,59915,49662,8,0.47,633,1
44,57219,7356,8,0.84,654,0
31,100879,9790,5,0.66,415,0
37,131939,31911,6,0.68,347,0
28,84644,29363,4,0.79,398,0
55,80279,25049,9,0.32,758,1
55,73028,15181,8,0.75,822,0
53,124263,44825,1,0.26,704,1
25,20126,21082,2,0.38,513,0
62,72329,5661,9,0.37,802,1
59,47632,42412,8,0.88,747,0
61,127099,7920,3,0.79,557,0
48,85310,30658,8,0.66,420,0
27,129945,19025,1,0.68,353,0
29,75176,13946,4,0.55,630,0
28,139797,33706,3,0.86,540,0
32,106066,44004,6,0.5,829,0
54,125500,21309,7,0.4,782,1
53,146413,38120,4,0.23,486,0
43,64327,35027,7,0.73,561,0
44,88904,12005,9,0.69,663,0
57,23797,5956,2,0.41,790,0
55,67882,39839,3,0.12,730,1
64,33718,13595,5,0.77,538,0
60,54560,17803,3,0.11,603,1
42,96589,30963,8,0.66,597,0
47,42116,41221,8,0.88,375,0
55,56244,44443,8,0.45,632,1
21,121721,38723,9,0.29,773,1
55,21645,44063,4,0.66,582,0
57,67523,20282,5,0.75,371,0
34,144085,9703,5,0.54,562,0
23,137718,11563,8,0.87,311,0
21,39256,30849,7,0.14,440,0
25,121376,36860,9,0.5,316,0
46,120158,36585,8,0.67,362,0
34,73173,27015,2,0.79,552,0
59,57430,17003,4,0.24,764,1
47,59282,48585,6,0.74,675,0
29,139719,31958,2,0.54,819,0
35,83374,31017,7,0.42,389,0
35,88244,16171,3,0.21,474,0
46,31694,17201,3,0.79,375,0
62,76264,34426,2,0.23,699,1
33,95060,22778,8,0.35,370,0
52,117416,47229,6,0.33,479,0
59,77545,26116,1,0.8,423,0
52,138195,38297,1,0.64,680,0
24,59224,24342,7,0.74,592,0
50,122516,32490,8,0.3,494,0
57,117945,24975,5,0.6,527,0
43,33224,31723,5,0.56,730,0
59,60738,28279,4,0.77,735,0
35,45150,17765,6,0.82,760,0
63,83731,16561,6,0.11,320,0
49,69688,46899,3,0.64,363,0
56,119929,5525,9,0.14,464,0
33,128618,27861,7,0.54,326,0
52,93509,38142,1,0.33,610,1
27,28577,31916,7,0.35,584,0
42,28070,49965,5,0.38,580,0
48,146161,9648,5,0.6,463,0
22,28666,40133,2,0.37,523,0
62,77761,35523,4,0.69,445,0
26,141178,34052,6,0.42,329,0
48,56368,39414,7,0.15,344,0
48,26783,37781,5,0.73,770,0
64,131530,9599,9,0.33,333,0
64,61914,40046,3,0.45,726,1
40,90507,40923,1,0.65,520,0
50,147738,46089,4,0.37,833,1
31,99026,8814,9,0.15,666,1
48,135893,40984,4,0.4,849,1
45,131255,31616,2,0.86,415,0
59,130616,7113,5,0.61,538,0
53,87526,48006,3,0.64,634,0
21,90835,18760,9,0.61,740,0
47,65765,26927,4,0.26,447,0
33,39956,25939,6,0.43,308,0
61,107895,37419,2,0.7,587,0
23,66240,17588,6,0.18,687,1
59,141008,41142,3,0.32,349,0
26,57148,44198,9,0.32,816,1
28,114270,49738,2,0.45,577,0
47,147978,38397,9,0.88,599,0
29,24757,21653,5,0.15,434,0
57,39097,15831,8,0.51,446,0
53,30395,10724,2,0.24,789,0
62,36241,16083,6,0.88,777,0
64,123892,24816,3,0.19,458,0
44,47696,47240,5,0.42,683,1
35,135654,11276,8,0.69,462,0
52,90480,43663,1,0.66,740,0
52,66163,18994,5,0.44,488,0
44,39816,28499,3,0.38,714,0
61,69840,28040,4,0.42,638,1
32,122547,48320,2,0.31,480,0
59,72853,21959,9,0.26,587,0
22,44917,11099,3,0.49,486,0
23,116731,47267,2,0.31,437,0
57,41566,24576,9,0.33,429,0
37,95452,40946,7,0.63,493,0
22,82823,11116,6,0.87,615,0
22,141392,20563,1,0.58,443,0
48,40806,31788,5,0.16,315,0
43,95520,31928,3,0.16,601,1
57,21759,41336,1,0.86,722,0
52,146092,14847,4,0.34,544,0
53,61949,31155,2,0.17,406,0
21,112374,19135,2,0.58,387,0
39,22482,22774,3,0.6,428,0
22,44442,6742,8,0.62,640,0
64,53719,23309,8,0.31,303,0
46,78066,5619,7,0.11,626,1
52,113501,22658,6,0.87,709,0
26,22079,39707,9,0.3,605,0
52,22717,25337,4,0.64,524,0
24,79676,21001,1,0.67,647,0
31,47952,5968,8,0.59,620,0
37,106444,30892,7,0.35,480,0
58,62460,30619,7,0.32,685,1
44,110397,5281,3,0.58,407,0
25,92847,32420,4,0.79,830,0
54,113607,20360,9,0.86,709,0
26,109106,44030,6,0.18,595,0
42,38449,6058,5,0.22,470,0
31,53536,25677,3,0.86,630,0
36,84077,15724,9,0.69,792,0
53,58258,33404,5,0.81,494,0
29,68302,42946,5,0.26,311,0
26,145937,44748,4,0.57,494,0
36,48865,34856,4,0.66,789,0
49,26645,14200,1,0.64,481,0
23,139771,38997,7,0.43,615,1
40,58000,30611,9,0.11,329,0
56,46737,46235,3,0.57,395,0
39,31485,40057,2,0.3,680,0
46,58565,6239,3,0.46,743,1
23,45522,43138,1,0.87,597,0
39,139614,5125,6,0.42,660,1
40,85155,28857,7,0.77,673,0
52,75168,20398,2,0.25,602,1
27,72487,11638,8,0.64,720,0
61,149948,11570,6,0.88,545,0
53,32342,8249,4,0.18,536,0
60,60806,14110,5,0.11,833,1
59,68770,45363,8,0.45,484,0
38,98623,18605,3,0.17,767,1
60,123177,17115,3,0.7,662,0
21,119785,44062,4,0.83,582,0
31,95629,27911,1,0.45,635,1
48,140993,43525,9,0.31,461,0
45,72603,37556,8,0.45,459,0
43,146944,17595,8,0.68,773,0
51,132726,6969,6,0.11,621,1
50,101974,48753,7,0.57,311,0
62,125947,22275,6,0.59,723,0
55,46399,9470,9,0.61,372,0
27,148177,15225,3,0.29,500,0
36,105382,47324,3,0.67,821,0
46,101244,46974,3,0.17,804,1
22,129575,47759,3,0.26,338,0
21,135520,28196,9,0.8,359,0
32,130904,45287,4,0.69,620,0
25,96534,18669,7,0.11,734,1
57,75106,42380,9,0.3,707,1
52,132599,43006,7,0.27,685,1
29,50678,20577,9,0.32,377,0
61,96218,27473,3,0.3,493,0
55,83230,33625,4,0.15,584,0
39,134684,20504,8,0.47,826,1
36,94055,29089,6,0.69,823,0
23,76373,41487,5,0.59,455,0
40,51480,5302,4,0.64,639,0
44,105230,36463,8,0.16,424,0
53,88836,49912,1,0.86,579,0
44,92258,34259,9,0.77,427,0
31,59986,47823,1,0.74,613,0
28,44160,42208,8,0.76,631,0
56,105595,35659,4,0.85,449,0
58,121358,40840,9,0.54,753,0
60,99111,36890,5,0.26,335,0
40,84929,18598,3,0.59,719,0
55,93506,24508,9,0.69,321,0
45,54911,47287,9,0.69,505,0
55,107127,18380,4,0.52,655,0
45,51821,31984,4,0.15,739,1
49,95039,49633,8,0.4,395,0
38,80535,13125,2,0.84,463,0
38,133453,41059,9,0.57,447,0
22,104458,9033,6,0.53,829,0
55,32175,42873,9,0.32,593,0
36,139235,22087,8,0.39,494,0
61,74771,45901,7,0.82,779,0
56,126660,10704,1,0.63,422,0
53,147157,12848,3,0.73,699,0
24,141300,26592,2,0.46,751,1
53,106925,11924,5,0.6,403,0
34,133374,32208,5,0.3,761,1
41,86358,24614,5,0.66,695,0
40,37327,5488,4,0.44,636,0
28,67057,44882,5,0.45,441,0
27,26150,30923,3,0.62,616,0
23,24425,40941,1,0.85,826,0
37,143654,34165,5,0.15,700,1
53,36032,6667,9,0.76,609,0
32,22198,31213,9,0.33,794,0
42,80500,9114,4,0.46,408,0
42,73394,41321,3,0.12,671,1
50,40079,12761,1,0.34,505,0
58,56220,36116,2,0.5,342,0
58,61874,38768,8,0.14,544,0
28,33859,30426,1,0.49,586,0
47,70460,22772,8,0.84,654,0
47,51419,43218,7,0.18,775,1
54,138865,8712,8,0.71,382,0
41,28705,6367,6,0.43,409,0
50,62880,45957,9,0.62,489,0
53,149838,46781,3,0.31,550,0
48,43236,31200,4,0.23,590,0
53,107955,8726,6,0.23,500,0
25,105514,28616,8,0.16,625,1
39,123145,32723,5,0.25,810,1
24,35358,42574,3,0.63,708,0
55,119713,39958,6,0.81,807,0
37,114914,14108,4,0.75,371,0
64,122870,17178,9,0.65,546,0
48,96918,40643,3,0.19,643,1
50,139179,36324,4,0.33,353,0
49,136243,43360,7,0.35,827,1
26,34596,22824,7,0.3,831,0
55,53572,13927,4,0.51,492,0
61,98757,33144,6,0.53,357,0
57,21279,36010,3,0.39,736,0
44,83197,27443,6,0.38,410,0
49,131496,19437,2,0.76,428,0
51,82516,49298,8,0.73,625,0
55,27083,44778,2,0.35,307,0
53,140674,16207,7,0.83,328,0
41,140307,30537,9,0.86,411,0
52,146457,40757,1,0.36,430,0
43,129397,17040,8,0.38,487,0
53,37771,46986,7,0.5,774,0
23,49975,27612,6,0.85,663,0
38,65648,33441,6,0.8,503,0
45,145641,11471,6,0.18,511,0
62,68285,40631,9,0.41,575,0
51,39063,48461,2,0.54,372,0
23,87642,31523,1,0.5,542,0
60,110093,36348,6,0.26,401,0
44,134390,6177,8,0.79,470,0
52,106143,9760,3,0.64,487,0
42,57599,37779,1,0.77,740,0
43,71920,26636,9,0.79,385,0
22,48529,21353,1,0.7,775,0
47,55954,16556,3,0.45,351,0
62,47856,32598,8,0.59,410,0
22,22573,16563,3,0.23,342,0
46,98344,48790,4,0.64,510,0
37,55367,13234,8,0.24,499,0
60,122337,30519,1,0.66,325,0
53,126732,31966,6,0.28,598,0
29,119608,21173,1,0.19,376,0
63,80774,31987,1,0.23,436,0
59,43752,18178,8,0.1,319,0
49,75029,44338,4,0.67,739,0
62,37685,29596,1,0.69,510,0
46,71693,38174,7,0.51,734,0
55,136739,46974,5,0.23,506,0
45,75961,9431,5,0.17,738,1
44,126937,32764,1,0.12,341,0
33,144956,26627,6,0.23,710,1
27,96908,44310,9,0.81,822,0
56,145537,13906,9,0.29,726,1
40,146678,41914,8,0.38,574,0
21,94532,49814,5,0.18,747,1
28,101994,18076,1,0.28,668,1
36,76133,42650,9,0.52,519,0
34,117425,11012,1,0.59,531,0
32,145055,12151,8,0.3,627,1
43,81268,33211,5,0.15,742,1
35,112201,32117,3,0.41,351,0
48,58243,41378,7,0.29,675,1
54,77384,47652,7,0.28,562,0
22,51653,11894,9,0.87,566,0
52,46657,18467,7,0.59,658,0
43,59952,36010,3,0.55,616,0
42,42180,47641,1,0.43,623,1
45,117432,17289,8,0.44,720,1
42,141829,49976,3,0.53,345,0
42,148377,48596,8,0.66,568,0
62,98411,28171,8,0.66,680,0
26,21622,39905,5,0.24,417,0
35,68756,25829,1,0.5,415,0
63,60809,39054,7,0.43,559,0
57,36725,49139,5,0.8,374,0
53,81396,34734,8,0.61,779,0
28,71226,12052,9,0.53,604,0
64,126296,8654,7,0.19,306,0
64,101182,28486,7,0.58,665,0
25,102565,23743,1,0.19,822,1
59,49402,29489,4,0.37,647,1
24,24263,13636,2,0.21,737,0
26,143489,11441,2,0.65,514,0
52,116523,29611,2,0.27,728,1
50,66828,47435,4,0.41,797,1
55,140824,17149,1,0.82,839,0
60,67924,39566,4,0.26,666,1
36,94182,47368,2,0.51,612,0
33,113065,26675,5,0.44,837,1
62,79052,10495,3,0.11,353,0
50,31664,47668,8,0.73,840,0
39,55737,18673,4,0.16,766,1
37,121332,16130,1,0.48,463,0
39,109563,27668,1,0.55,633,0
48,49373,20222,3,0.6,846,0
46,137369,28669,9,0.65,647,0
57,56397,39068,7,0.3,572,0
46,148575,28253,2,0.11,713,1
43,106145,14435,9,0.68,799,0
29,121371,33552,2,0.53,392,0
32,58709,42384,3,0.77,378,0
21,136074,21393,2,0.76,516,0
21,81120,15617,3,0.77,657,0
54,39250,43520,6,0.49,806,0
52,41172,14852,9,0.37,480,0
45,31555,36401,9,0.73,545,0
60,107410,11295,7,0.46,543,0
21,98617,40993,3,0.25,805,1
36,73276,39084,4,0.78,721,0
59,77492,44575,6,0.81,619,0
25,73002,41451,5,0.47,386,0
42,140103,12227,2,0.16,516,0
49,144938,36910,6,0.41,789,1
23,109599,41041,3,0.74,818,0
32,92355,28384,8,0.82,577,0
46,111248,5145,2,0.26,468,0
36,44762,42778,1,0.15,629,1
57,31046,21035,9,0.8,740,0
42,116999,8040,3,0.41,690,1
49,144130,47422,1,0.53,795,0
34,136021,31160,7,0.87,680,0
48,48769,22633,5,0.15,605,1
25,73302,34344,5,0.62,812,0
50,43150,22014,1,0.16,487,0
25,88247,19996,9,0.4,815,1
32,24853,46621,7,0.74,726,0
36,114613,16695,8,0.45,801,1
46,140900,7852,9,0.9,559,0
46,109399,21014,6,0.55,812,0
41,41792,32042,5,0.36,370,0
59,79129,38755,6,0.28,777,1
56,126019,45390,2,0.38,477,0
53,94478,28711,4,0.4,756,1
50,133811,31122,3,0.15,488,0
57,134130,14160,7,0.4,590,0
43,87298,32213,9,0.47,819,1
30,51987,44420,5,0.68,591,0
25,35850,12421,6,0.63,582,0
56,32112,26400,2,0.67,843,0
54,141789,38537,3,0.11,676,1
51,44058,22727,3,0.27,455,0
30,65420,9358,9,0.63,807,0
39,58890,33482,7,0.49,712,1
52,86017,37117,8,0.1,827,1
21,67304,28164,9,0.74,654,0
25,52921,36910,6,0.72,486,0
24,125921,37496,4,0.54,330,0
36,21524,49311,1,0.15,559,0
44,120424,34371,8,0.71,720,0
36,35048,43467,7,0.57,828,0
22,55111,22625,2,0.73,603,0
48,57904,38893,8,0.7,338,0
52,74912,15793,5,0.74,788,0
47,54008,36007,7,0.51,841,0
40,20060,30766,4,0.21,577,0
44,94666,44532,5,0.64,502,0
32,103559,17323,8,0.6,365,0
55,75337,12843,1,0.69,407,0
53,130616,19210,1,0.24,567,0
53,33350,21456,4,0.26,521,0
63,44354,36367,3,0.81,829,0
57,65186,15106,2,0.7,389,0
32,48145,42957,3,0.83,554,0
23,54020,7472,1,0.71,754,0
21,106123,11704,1,0.58,552,0
53,126667,8713,6,0.62,556,0
60,95186,10051,5,0.81,682,0
30,105469,15756,8,0.56,741,0
63,40581,7475,2,0.61,389,0
64,108929,41378,4,0.23,689,1
49,43051,9255,8,0.48,343,0
33,71474,19484,6,0.67,318,0
32,111748,39503,1,0.32,400,0
51,145995,13258,4,0.26,656,1
22,134618,45747,1,0.35,841,1
55,89626,40196,2,0.29,332,0
43,26960,45194,5,0.27,528,0
37,55772,13533,8,0.44,823,1
46,41520,37581,8,0.83,454,0
28,69481,10249,3,0.51,722,0
49,56408,24201,4,0.25,545,0
46,114006,14686,6,0.16,704,1
30,148496,37007,3,0.66,840,0
46,77134,5661,2,0.41,460,0
54,40491,49843,6,0.76,416,0
61,21341,35137,5,0.63,570,0
27,64623,47828,5,0.74,786,0
24,110327,15526,5,0.32,471,0
31,20338,8374,5,0.65,573,0
49,91431,30592,3,0.31,558,0
56,32254,33982,7,0.85,434,0
45,71860,5207,6,0.61,721,0
41,31344,40433,4,0.36,720,0
56,21750,28197,2,0.32,485,0
30,74756,38400,9,0.25,663,1
57,87957,8083,1,0.66,677,0
29,125423,34328,4,0.27,822,1
44,78053,47891,1,0.58,495,0
55,90855,25103,6,0.31,397,0
55,35896,44891,4,0.63,321,0
56,75761,15754,5,0.75,749,0
38,82552,39447,5,0.72,471,0
59,140075,20901,9,0.71,682,0
52,97454,38004,1,0.25,433,0
44,146522,12446,2,0.17,725,1
43,138681,42211,6,0.66,324,0
52,110600,34301,5,0.39,802,1
57,142732,31116,7,0.45,484,0
32,132153,46323,3,0.12,384,0
33,142926,23752,3,0.31,443,0
43,47935,37376,2,0.13,711,1
45,57641,21669,3,0.8,523,0
55,49711,37916,1,0.29,519,0
61,90342,18395,5,0.55,478,0
50,126896,25421,5,0.13,732,1
37,32182,31342,7,0.63,564,0
40,107833,9895,4,0.36,728,1
45,76276,16023,3,0.82,715,0
42,39541,15699,1,0.81,752,0
33,114457,14715,8,0.36,496,0
39,102310,24169,3,0.82,352,0
56,64813,21163,2,0.9,779,0
32,57198,10782,4,0.76,742,0
61,28820,27641,3,0.78,629,0
39,44070,23792,1,0.3,550,0
32,89768,40585,3,0.56,422,0
29,31122,35682,2,0.15,686,0
27,100559,23880,8,0.18,638,1
48,93543,43067,6,0.9,647,0
34,103441,47685,9,0.36,328,0
51,61786,23073,8,0.7,334,0
39,114934,41035,3,0.75,817,0
36,119804,42174,5,0.79,695,0
25,26737,29837,7,0.9,593,0
55,56062,22826,5,0.29,648,1
32,74237,29981,8,0.13,446,0
45,71571,15382,5,0.43,366,0
41,45510,9437,1,0.2,819,1
56,39426,10435,5,0.12,421,0
43,57265,29819,4,0.39,639,1
36,37850,41875,6,0.73,474,0
59,138249,36982,3,0.55,750,0
62,86150,38328,5,0.35,435,0
59,107312,17329,2,0.62,315,0
34,109613,30169,6,0.29,632,1
51,94910,26932,6,0.11,494,0
25,72375,39594,5,0.71,795,0
55,141826,16421,6,0.6,308,0
43,55435,12629,7,0.71,633,0
49,116443,13325,5,0.13,632,1
63,77132,33495,1,0.77,626,0
31,98945,36750,8,0.6,314,0
38,102050,34619,4,0.55,525,0
32,149828,45461,9,0.6,724,0
29,115402,13264,6,0.79,707,0
30,22983,17686,1,0.57,412,0
64,117241,29226,3,0.56,727,0
37,40662,11721,3,0.89,300,0
58,43510,25609,4,0.71,565,0
27,98187,12373,6,0.45,790,1
33,60998,43675,7,0.67,507,0
60,76846,33937,4,0.41,668,1
62,114071,10656,6,0.28,605,1
29,26640,13984,1,0.58,311,0
47,64547,34984,8,0.84,644,0
22,74620,13286,7,0.84,764,0
25,35317,10901,9,0.37,793,0
49,135608,36552,3,0.52,667,0
57,27564,30709,2,0.27,719,0
58,47345,36055,1,0.9,470,0
39,133824,42685,3,0.88,433,0
28,114223,13429,5,0.62,726,0
21,143372,19716,2,0.74,324,0
42,99273,16138,3,0.67,829,0
37,94859,40298,4,0.57,489,0
27,100765,28429,7,0.14,440,0
45,130017,10772,3,0.46,614,1
24,94038,40732,9,0.64,743,0
56,143618,44905,8,0.64,618,0
26,72393,22347,4,0.4,740,1
51,86081,21920,1,0.85,391,0
39,145341,36822,1,0.23,478,0
64,122650,45108,1,0.5,355,0
59,49430,28563,1,0.65,454,0
47,95532,12967,8,0.66,410,0
30,47788,16871,3,0.62,436,0
46,115505,33763,6,0.32,531,0
39,68543,16916,3,0.22,767,1
59,33919,13734,5,0.61,780,0
23,89346,38613,7,0.58,367,0
33,116122,33179,2,0.24,548,0
48,59974,40262,6,0.66,622,0
40,127309,17677,6,0.46,817,1
48,36371,23268,3,0.63,731,0
28,65084,17330,6,0.77,786,0
61,49629,25733,5,0.24,728,1
59,71184,42947,2,0.12,568,0
21,81916,32286,9,0.72,836,0
23,147293,11610,8,0.59,447,0
33,93972,11430,3,0.66,417,0
48,82187,44922,8,0.77,666,0
45,32984,18828,9,0.74,365,0
53,53039,47913,3,0.87,669,0
58,105431,36497,3,0.53,474,0
26,103691,44256,2,0.49,794,1
64,78606,41618,8,0.42,413,0
52,30616,31526,1,0.22,410,0
41,122665,35158,8,0.56,738,0
36,125373,30032,7,0.32,446,0
41,70072,42846,7,0.84,334,0
31,44574,49936,3,0.57,608,0
57,23430,34794,1,0.57,837,0
56,139123,10448,4,0.38,313,0
55,32676,33861,9,0.14,673,0
39,30816,33141,5,0.13,727,0
40,52733,14074,1,0.44,532,0
38,105680,11406,5,0.17,739,1
61,22050,36823,8,0.59,801,0
34,129996,28291,8,0.8,574,0
35,53933,46568,5,0.81,375,0
51,44951,37003,9,0.63,738,0
21,52413,39406,1,0.27,588,0
23,54801,28312,4,0.79,839,0
36,75619,48108,3,0.81,552,0
43,52913,6382,2,0.26,425,0
31,132573,39171,8,0.69,476,0
32,139076,46779,7,0.33,336,0
30,60600,8292,9,0.74,709,0
52,77775,46779,2,0.9,426,0
36,110816,38187,4,0.12,782,1
28,149972,17411,6,0.82,467,0
58,110093,42285,3,0.6,593,0
32,132590,20422,8,0.88,642,0
44,55400,47468,3,0.47,609,1
48,24494,37371,2,0.78,827,0
28,100688,10693,3,0.15,839,1
48,142744,38535,6,0.37,718,1
56,109431,19818,2,0.15,743,1
46,94691,36238,8,0.88,535,0
28,117419,35874,1,0.75,738,0
48,128730,31715,7,0.78,513,0
48,63001,32605,2,0.85,384,0
57,87364,39317,6,0.17,384,0
61,144988,36174,2,0.41,788,1
56,65028,14956,2,0.16,364,0
47,127434,43908,8,0.27,363,0
37,117659,15837,2,0.28,642,1
29,57573,8716,7,0.48,651,1
53,20806,9481,3,0.31,457,0
40,144343,29282,8,0.18,790,1
33,76638,11548,7,0.23,762,1
48,148301,42605,8,0.22,524,0
49,146295,12758,7,0.88,612,0
33,126506,48668,6,0.71,765,0
55,49757,28177,7,0.87,387,0
26,54636,29022,5,0.45,602,1
38,100097,45761,7,0.32,734,1
25,68280,10542,1,0.74,434,0
45,44262,30476,1,0.36,349,0
22,100435,35784,9,0.34,731,1
30,82211,27740,5,0.29,639,1
50,74842,29817,5,0.2,646,1
25,148583,21052,3,0.31,646,1
53,76979,40153,5,0.38,544,0
21,134524,5671,3,0.64,408,0
38,101470,5163,9,0.15,832,1
52,58197,46424,9,0.27,389,0
31,61844,49002,6,0.75,595,0
41,84754,9795,1,0.22,411,0
46,121868,15634,7,0.37,476,0
45,54157,9798,7,0.79,642,0
42,97129,27420,4,0.22,400,0
47,60042,34300,8,0.17,700,1
33,81665,29345,6,0.49,327,0
53,135512,15749,4,0.34,836,1
54,136953,43595,4,0.55,357,0
61,102856,30121,2,0.74,797,0
55,47376,42487,2,0.21,596,0
21,129049,33411,4,0.56,433,0
41,75554,38361,5,0.5,630,0
26,34199,26223,8,0.22,548,0
48,138533,12394,6,0.6,849,0
37,101412,19056,4,0.32,374,0
25,70948,33380,7,0.49,467,0
51,93781,31035,8,0.17,802,1
25,92750,35620,2,0.47,654,1
58,86262,24877,7,0.35,524,0
23,137424,48404,2,0.76,830,0
43,66600,35911,2,0.15,445,0
57,96898,37784,8,0.43,540,0
57,82483,8191,2,0.47,643,1
30,38297,38160,9,0.68,334,0
30,50448,30000,1,0.56,300,0
39,46172,44040,9,0.63,452,0
37,62874,8631,1,0.72,728,0
41,27657,11172,2,0.79,807,0
34,104386,47080,6,0.35,425,0
29,145617,28561,6,0.53,790,0
21,45425,29817,1,0.77,781,0
33,46685,25281,7,0.89,644,0
24,142000,33671,8,0.81,520,0
21,132855,30364,2,0.4,324,0
60,44578,46674,8,0.26,827,1
52,48831,32425,9,0.49,481,0
54,27906,33602,6,0.69,798,0
48,81413,28253,5,0.49,341,0
51,74028,28472,9,0.49,780,1
28,27287,13080,9,0.77,738,0
59,53660,12099,1,0.39,701,1
46,95758,30431,3,0.79,845,0
54,80504,36186,9,0.43,644,1
23,79720,35111,2,0.36,344,0
32,122979,44851,4,0.46,320,0
21,54701,27614,4,0.71,369,0
64,103300,31724,2,0.2,347,0
25,130177,46991,3,0.26,790,1
50,37674,9940,3,0.86,586,0
50,103560,33758,1,0.24,309,0
37,131543,41224,6,0.55,841,0
43,43874,12788,8,0.56,573,0
35,63642,33082,3,0.49,680,1
57,143867,29034,5,0.62,628,0
41,117820,40479,1,0.28,778,1
34,85160,16280,7,0.54,314,0
22,37602,23052,1,0.4,815,0
31,123320,21531,9,0.63,490,0
59,108801,27804,8,0.21,467,0
58,45931,33903,7,0.56,820,0
54,114377,49857,7,0.25,436,0
58,49192,15142,5,0.32,453,0
54,66542,14866,5,0.27,687,1
38,147015,9531,5,0.25,508,0
50,62520,43098,1,0.76,571,0
35,84772,43278,8,0.33,442,0
47,78762,33138,1,0.84,368,0
54,70106,32065,4,0.88,546,0
58,101121,34956,9,0.56,560,0
53,45559,46732,9,0.21,378,0
44,125595,44261,5,0.4,824,1
35,53742,15759,4,0.74,629,0
50,89669,10439,3,0.39,488,0
62,100199,47533,3,0.17,394,0
37,41754,33270,5,0.55,307,0
25,23972,18279,1,0.78,366,0
49,90831,44279,5,0.74,795,0
24,132217,49251,6,0.24,490,0
30,61873,28888,7,0.64,665,0
37,114661,22630,9,0.28,820,1
30,126532,40144,3,0.27,416,0
37,146267,36182,2,0.8,566,0
40,29903,30538,3,0.3,784,0
44,23020,16824,9,0.31,808,0
25,61755,37125,7,0.1,597,0
54,105956,11979,9,0.8,463,0
26,106988,31189,2,0.73,675,0
22,65648,47600,5,0.6,567,0
33,123537,17504,4,0.7,848,0
63,145991,25669,2,0.22,373,0
63,29516,11910,9,0.47,807,0
31,132863,39964,9,0.38,372,0
43,135005,25131,6,0.18,607,1
36,22396,30227,6,0.49,498,0
51,104082,10978,8,0.84,429,0
31,39129,26991,6,0.13,786,0
36,148322,22153,1,0.33,450,0
28,21591,38548,4,0.27,505,0
24,31303,47676,7,0.29,478,0
60,50561,44071,2,0.83,496,0
24,91719,8983,9,0.47,388,0
45,138618,14503,8,0.47,733,1
23,112108,34921,8,0.71,482,0
52,148748,21905,7,0.22,508,0
23,119616,28953,4,0.49,792,1
47,144165,31806,2,0.44,429,0
49,106231,27168,3,0.58,312,0
52,27314,9583,6,0.9,405,0
39,137071,43714,5,0.72,674,0
41,39623,44896,8,0.42,398,0
25,87675,16889,6,0.76,491,0
38,132992,32413,6,0.24,624,1
48,116826,17275,1,0.12,766,1
62,85082,7461,4,0.26,666,1
42,149839,19291,5,0.37,617,1
41,103624,16435,3,0.51,443,0
26,125228,32935,9,0.59,683,0
21,53130,38453,1,0.83,515,0
25,71756,23544,6,0.51,660,0
61,117624,17258,6,0.5,623,0
32,46292,35841,5,0.14,314,0
46,131785,15736,5,0.13,516,0
54,147331,42643,5,0.54,791,0
34,106206,48950,6,0.45,846,1
46,89274,39964,8,0.77,482,0
47,22469,33044,2,0.23,569,0
29,73947,44933,6,0.12,766,1
46,42534,20997,1,0.46,818,1
42,83620,19215,4,0.29,841,1
50,68874,38069,3,0.14,766,1
63,69708,28911,9,0.68,604,0
37,94553,22030,3,0.19,443,0
46,88344,34334,6,0.59,410,0
56,69138,19571,1,0.32,531,0
21,74302,47719,6,0.24,799,1
28,67638,33927,4,0.4,572,0
55,98249,25714,8,0.74,472,0
35,125865,48541,9,0.41,306,0
42,22719,28387,4,0.7,454,0
34,42890,33444,6,0.2,821,1
46,97236,24921,1,0.72,845,0
48,56509,18057,4,0.29,847,1
43,62534,29858,7,0.64,817,0
34,122302,49638,1,0.55,514,0
44,112241,31062,8,0.84,433,0
22,38787,41850,6,0.41,584,0
46,146209,25567,5,0.15,425,0
34,68845,34739,9,0.12,738,1
27,77932,48285,2,0.76,451,0
23,112124,8754,5,0.52,630,0
43,111659,32044,6,0.72,837,0
63,53062,6724,7,0.29,682,1
38,95713,6376,5,0.38,414,0
58,107263,13706,9,0.12,781,1
55,115756,13894,1,0.87,583,0
35,80461,23037,7,0.63,374,0
45,95418,23450,7,0.85,465,0
57,86672,21406,4,0.31,488,0
48,148232,34725,9,0.59,377,0
30,54832,10926,5,0.64,320,0
59,147335,44019,4,0.35,483,0
37,51966,14496,7,0.78,521,0
59,92545,41068,4,0.86,627,0
42,32987,34806,3,0.81,478,0
46,57311,27663,9,0.69,411,0
64,51575,46321,8,0.32,358,0
45,83852,41495,1,0.33,626,1
37,147650,27656,7,0.87,490,0
33,21007,30860,9,0.11,499,0
40,90981,21832,8,0.67,611,0
45,96242,43787,8,0.66,334,0
24,67517,26727,6,0.6,678,0
30,130022,47815,4,0.89,686,0
23,49257,34545,8,0.35,536,0
61,107272,49522,3,0.37,818,1
38,62207,7520,9,0.16,582,0
56,33281,8081,2,0.45,300,0
42,81246,39196,2,0.31,763,1
54,21435,41735,7,0.37,529,0
28,118875,44213,4,0.77,471,0
60,120686,19566,8,0.85,386,0
64,111357,19042,9,0.25,422,0
39,46660,30498,7,0.4,597,0
62,25084,16329,5,0.84,783,0
61,102197,36656,8,0.15,464,0
57,33507,7159,4,0.17,682,0
26,92595,42900,2,0.23,508,0
46,103807,24363,6,0.58,731,0
54,65539,48241,9,0.22,688,1
26,135953,24033,1,0.87,523,0
57,27491,15805,7,0.46,302,0
53,147706,40851,9,0.5,671,0
42,132831,31832,9,0.3,745,1
41,70192,18944,3,0.48,415,0
26,100395,24873,5,0.63,569,0
26,143797,45372,8,0.7,746,0
24,83888,28928,8,0.7,667,0
50,93609,20379,4,0.56,552,0
31,29077,41751,1,0.82,616,0
50,137440,39546,1,0.75,714,0
51,142901,29286,4,0.71,394,0
44,40953,10110,6,0.14,323,0
29,96919,17087,8,0.11,349,0
23,134682,28762,6,0.27,801,1
51,141041,22081,9,0.63,797,0
60,87889,39947,9,0.43,634,1
57,43821,14596,2,0.42,378,0
56,57567,43019,1,0.81,326,0
44,135374,47003,2,0.82,570,0
51,44860,23313,5,0.83,546,0
26,41195,6013,4,0.35,686,1
22,97475,28705,4,0.65,660,0
40,110874,6828,9,0.32,787,1
48,107266,12909,8,0.25,651,1
31,41427,43356,6,0.25,555,0
24,120732,18109,1,0.37,521,0
35,47083,7023,2,0.44,300,0
26,107046,19537,6,0.76,845,0
50,77372,31661,2,0.2,745,1
58,143786,43659,5,0.69,378,0
22,64064,38848,5,0.53,535,0
35,27813,42804,6,0.33,633,0
31,51598,20379,6,0.49,648,1
28,132718,32766,6,0.34,397,0
46,146879,48590,2,0.58,381,0
64,113106,7563,3,0.45,801,1
25,47082,41060,6,0.23,776,1
26,49241,34197,8,0.19,849,1
46,116214,8586,1,0.54,313,0
24,64569,21087,1,0.82,691,0
39,31745,28225,2,0.38,646,0
40,46029,34750,6,0.69,609,0
53,33025,11643,9,0.63,685,0
40,121660,32523,4,0.85,508,0
32,143395,41727,3,0.76,656,0
21,34288,16005,8,0.55,393,0
46,109186,48543,9,0.63,392,0
34,26540,5161,5,0.82,639,0
58,117768,21029,9,0.42,744,1
57,101958,19226,2,0.36,321,0
31,88878,33731,3,0.11,590,0
56,61846,48922,7,0.76,784,0
33,121148,49848,7,0.74,605,0
63,95932,8390,6,0.18,427,0
23,37482,10997,6,0.56,572,0
53,43411,17693,2,0.47,741,1
26,70975,47092,6,0.19,802,1
30,80545,5541,4,0.88,429,0
25,132302,26817,3,0.27,431,0
43,98797,42861,2,0.15,781,1
30,72307,18428,1,0.58,689,0
64,23093,48934,5,0.69,624,0
22,97258,15258,2,0.13,368,0
33,42042,21044,2,0.63,747,0
60,72930,34411,7,0.53,827,0
22,137584,10469,8,0.18,464,0
40,64413,33854,8,0.24,787,1
21,133387,11256,4,0.55,725,0
57,113623,15720,1,0.34,564,0
29,117883,38937,7,0.85,641,0
37,53756,38598,1,0.75,577,0
29,73268,6651,4,0.89,738,0
31,59214,24194,8,0.31,456,0
35,101871,30051,2,0.88,721,0
44,147844,32386,6,0.44,550,0
58,48602,14518,6,0.38,829,1
55,73331,21184,9,0.14,626,1
50,68901,38787,5,0.14,396,0
51,119986,26621,4,0.65,812,0
25,83416,15028,5,0.47,515,0
64,52196,17448,5,0.28,431,0
34,148386,39051,8,0.59,559,0
31,25626,35447,8,0.3,424,0
29,27424,23394,2,0.56,381,0
54,32857,39501,7,0.39,582,0
32,130459,35254,8,0.76,358,0
55,135621,23509,6,0.76,843,0
55,39982,19472,5,0.48,460,0
21,96961,8471,9,0.38,583,0
60,21980,46796,3,0.39,405,0
42,68290,35268,4,0.74,404,0
49,46431,13329,9,0.36,738,1
28,104976,39865,6,0.27,527,0
31,127288,33272,8,0.17,617,1
61,102711,47845,7,0.47,763,1
57,134187,11397,2,0.49,771,1
34,46385,37373,3,0.77,355,0
50,58158,40525,1,0.28,312,0
55,43019,29570,9,0.4,739,1
41,38639,23284,7,0.75,317,0
57,105530,23994,1,0.76,412,0
25,119911,28284,3,0.41,528,0
39,41563,22833,4,0.47,470,0
34,59341,30122,4,0.34,594,0
46,135672,10017,5,0.85,488,0
24,25776,21370,3,0.19,725,0
45,56444,34252,3,0.85,378,0
62,88916,12999,1,0.65,481,0
45,28711,27436,7,0.53,798,0
38,94318,47963,1,0.13,370,0
60,102970,7096,2,0.48,547,0
28,132301,30279,4,0.43,445,0
59,105553,48363,4,0.23,595,0
60,50707,31201,5,0.63,769,0
34,59110,24715,2,0.88,805,0
52,149410,34309,4,0.55,492,0
58,81788,20078,1,0.67,367,0
53,102879,10105,2,0.15,793,1
43,58827,34312,1,0.43,351,0
35,127188,7839,4,0.19,662,1
53,25655,8384,4,0.59,773,0
45,64859,48619,7,0.85,820,0
37,73625,47821,9,0.63,730,0
53,72098,18493,9,0.16,597,0
22,35251,22069,5,0.38,734,0
34,142413,12531,1,0.54,497,0
60,20526,42051,1,0.42,427,0
60,88760,12736,6,0.77,831,0
